,valid_actions,think_after_invalids,speak_after_invalids,action_sequence,total,agent_communication_attempt,task_completion_statement,error_message,hallucination
0,4,1,1,"['agent_communication_attempt', 'think_action', 'valid_action', 'valid_action', 'hallucination', 'valid_action', 'valid_action']",2,1,0,0,1
1,33,9,0,"['valid', 'valid', 'valid', 'valid', 'valid', 'valid', 'valid', 'valid', 'valid', 'valid', 'valid', 'valid', 'valid', 'invalid', 'valid', 'valid', 'valid', 'valid', 'invalid', 'valid', 'valid', 'valid', 'invalid', 'valid', 'valid', 'valid', 'invalid', 'valid', 'valid', 'valid', 'invalid', 'valid', 'valid', 'valid', 'invalid', 'valid', 'valid', 'valid', 'invalid', 'valid', 'valid', 'valid', 'invalid', 'valid', 'valid', 'valid', 'valid', 'valid', 'valid', 'invalid']",9,0,0,0,9
2,5,3,0,"['valid', 'valid', 'agent_communication_attempt', 'valid', 'valid', 'hallucination', 'think', 'invalid', 'think', 'think', 'valid', 'hallucination', 'think', 'think', 'think', 'think', 'think', 'think', 'think', 'think', 'think', 'think', 'think', 'think', 'think', 'think', 'think', 'think', 'think', 'think', 'think', 'think', 'think', 'think', 'think', 'think', 'think', 'think', 'think', 'think', 'think', 'think', 'think', 'think', 'think', 'think', 'think', 'think', 'think', 'think', 'think']",3,1,0,0,2
3,10,2,0,"['Valid', 'Valid', 'Agent Communication Attempt', 'Valid', 'Valid', 'Valid', 'Valid', 'Valid', 'Valid', 'Valid', 'Valid', 'Valid']",2,1,0,0,0
4,8,0,0,"['valid', 'valid', 'valid', 'valid', 'valid', 'valid', 'valid', 'valid', 'valid', 'valid', 'valid']",0,0,0,0,0
5,10,2,0,"['valid', 'valid', 'valid', 'valid', 'valid', 'valid', 'valid', 'invalid', 'valid', 'valid', 'valid', 'valid', 'valid', 'valid']",1,0,0,1,0
6,15,0,3,"['valid', 'valid', 'agent_communication_attempt', 'valid', 'valid', 'hallucination', 'valid', 'hallucination', 'valid', 'valid', 'valid', 'agent_communication_attempt', 'valid', 'valid', 'valid', 'hallucination', 'valid', 'valid', 'valid', 'valid', 'valid']",5,3,0,0,2
7,9,0,1,"['valid', 'invalid-hallucination', 'valid', 'invalid-agent_communication_attempt', 'valid', 'valid', 'valid', 'valid', 'valid', 'valid', 'valid']",2,1,0,0,1
8,23,8,8,"['valid', 'valid', 'agent_communication_attempt', 'valid', 'valid', 'valid', 'valid', 'valid', 'valid', 'invalid', 'valid', 'invalid', 'invalid', 'invalid', 'agent_communication_attempt', 'valid', 'valid', 'valid', 'valid', 'valid', 'invalid', 'error_message', 'valid', 'valid', 'valid', 'valid', 'agent_communication_attempt', 'valid', 'valid', 'invalid', 'agent_communication_attempt', 'valid', 'invalid', 'agent_communication_attempt', 'valid', 'invalid', 'agent_communication_attempt', 'valid', 'valid', 'valid', 'valid', 'valid', 'invalid', 'agent_communication_attempt', 'valid', 'valid', 'valid', 'valid', 'valid', 'agent_communication_attempt']",26,12,0,11,3
9,8,2,1,"['valid', 'hallucination', 'agent_communication_attempt', 'valid', 'hallucination', 'valid', 'valid', 'valid', 'valid', 'valid', 'valid']",3,1,0,0,2
10,33,17,0,"['valid', 'valid', 'valid', 'valid', 'valid', 'valid', 'valid', 'valid', 'valid', 'valid', 'valid', 'valid', 'hallucination', 'valid', 'valid', 'valid', 'valid', 'valid', 'valid', 'valid', 'valid', 'valid', 'hallucination', 'hallucination', 'hallucination', 'hallucination', 'hallucination', 'hallucination', 'hallucination', 'hallucination', 'hallucination', 'hallucination', 'hallucination', 'hallucination', 'hallucination', 'hallucination', 'hallucination', 'hallucination', 'hallucination', 'hallucination', 'hallucination', 'hallucination', 'hallucination', 'hallucination', 'hallucination', 'hallucination', 'hallucination', 'hallucination', 'hallucination', 'hallucination']",17,0,0,1,16
11,16,2,1,"['valid', 'valid', 'valid', 'valid', 'valid', 'valid', 'valid', 'valid', 'invalid', 'invalid', 'valid', 'invalid', 'valid', 'valid', 'valid', 'valid', 'valid', 'valid', 'valid']",3,3,0,0,0
12,7,2,1,"['invalid_action_agent_communication_attempt', 'speak_after_invalids', 'valid_action', 'invalid_action_think_after_invalid', 'valid_action', 'valid_action', 'valid_action', 'valid_action', 'invalid_action_think_after_invalid', 'valid_action', 'valid_action']",3,1,0,0,0
13,11,0,0,"['valid', 'valid', 'agent_communication_attempt', 'valid', 'valid', 'valid', 'valid', 'valid', 'valid', 'valid', 'valid', 'valid', 'valid']",1,1,0,0,0
14,16,10,0,"['valid', 'valid', 'valid', 'valid', 'valid', 'valid', 'valid', 'valid', 'valid', 'valid', 'valid', 'invalid', 'valid', 'valid', 'valid', 'valid', 'valid', 'valid', 'valid', 'valid', 'valid', 'valid', 'valid', 'valid', 'valid', 'valid', 'valid', 'valid', 'valid']",12,1,0,1,0
15,13,17,4,"['valid', 'valid', 'valid', 'valid', 'valid', 'valid', 'valid', 'valid', 'valid', 'invalid', 'valid', 'invalid', 'valid', 'invalid', 'valid', 'invalid', 'valid', 'valid', 'valid', 'valid', 'invalid', 'valid', 'valid', 'valid', 'valid', 'valid', 'valid', 'valid', 'valid', 'valid', 'valid', 'valid', 'valid', 'valid', 'valid', 'valid', 'valid', 'valid', 'valid', 'valid', 'valid', 'valid', 'valid', 'valid', 'valid', 'invalid', 'valid', 'valid', 'valid']",21,4,0,0,0
16,10,2,1,"['valid', 'agent communication attempt', 'valid', 'agent communication attempt', 'valid', 'valid', 'valid', 'valid', 'valid', 'valid', 'valid', 'valid', 'valid', 'valid']",3,2,0,1,0
17,11,1,0,"['valid', 'valid', 'valid', 'valid', 'valid', 'valid', 'valid', 'invalid', 'valid', 'valid', 'valid', 'valid', 'valid', 'valid']",1,0,0,1,0
18,7,36,0,"['valid', 'valid', 'valid', 'valid', 'valid', 'valid', 'valid', 'invalid', 'invalid', 'valid', 'valid', 'valid', 'invalid', 'valid', 'valid', 'valid', 'valid', 'valid', 'valid', 'valid', 'valid', 'valid', 'valid', 'valid', 'valid', 'valid', 'valid', 'valid', 'valid', 'valid', 'valid', 'valid', 'valid', 'invalid', 'valid', 'valid', 'valid', 'valid', 'valid', 'valid', 'valid', 'valid', 'valid', 'valid', 'valid', 'valid', 'valid', 'valid', 'valid', 'valid']",7,1,0,0,6
19,12,0,0,"['valid', 'valid', 'valid', 'valid', 'valid', 'valid', 'valid', 'valid', 'valid', 'valid', 'valid', 'valid']",0,0,0,0,0
20,10,2,0,"['valid', 'valid', 'valid', 'valid', 'valid', 'valid', 'valid', 'valid', 'valid', 'valid', 'invalid', 'valid', 'valid', 'valid', 'valid', 'valid', 'valid', 'valid', 'valid', 'valid', 'valid', 'valid', 'valid', 'valid', 'valid', 'valid', 'valid', 'valid', 'valid', 'valid', 'valid', 'valid', 'valid', 'valid', 'valid', 'valid', 'valid', 'valid', 'valid', 'invalid', 'valid', 'valid', 'valid', 'valid', 'valid', 'valid', 'valid', 'valid', 'valid', 'valid']",2,0,0,2,0
21,9,0,0,"['think', 'agent_communication_attempt', 'speak', 'agent_communication_attempt', 'valid', 'hallucination', 'valid', 'valid', 'think', 'valid', 'think', 'valid', 'valid', 'valid', 'think', 'valid', 'valid', 'valid', 'valid']",3,2,0,0,1
22,12,1,1,"['valid', 'valid', 'valid', 'valid', 'valid', 'valid', 'valid', 'valid', 'valid', 'valid', 'valid', 'valid', 'valid', 'hallucination', 'valid', 'hallucination', 'valid']",4,2,0,0,2
23,18,8,0,"['valid', 'valid', 'valid', 'valid', 'valid', 'valid', 'valid', 'valid', 'invalid', 'valid', 'valid', 'valid', 'valid', 'valid', 'invalid', 'valid', 'valid', 'valid', 'valid', 'valid', 'valid', 'valid', 'valid', 'invalid', 'valid', 'valid', 'valid', 'valid', 'invalid', 'valid', 'valid', 'valid', 'valid', 'invalid', 'valid', 'valid', 'invalid', 'valid', 'valid', 'invalid', 'valid', 'valid', 'valid', 'valid', 'valid', 'valid', 'valid', 'valid', 'valid', 'valid']",8,2,0,6,0
24,4,2,0,"['agent_communication_attempt', 'hallucination', 'valid', 'valid', 'valid', 'valid']",2,1,0,0,1
25,13,0,0,"['think', 'speak', 'go to receptacle', 'think', 'take object from receptacle', 'think', 'go to receptacle', 'open receptacle', 'cool object with receptacle', 'think', 'go to receptacle', 'open receptacle', 'put object in/on receptacle']",0,0,0,0,0
26,7,0,0,"['valid', 'valid', 'agent_communication_attempt', 'valid', 'valid', 'hallucination', 'valid', 'agent_communication_attempt', 'valid', 'valid', 'valid']",3,2,0,0,1
27,8,0,1,"['valid', 'invalid (hallucination)', 'valid', 'invalid (hallucination)', 'valid', 'invalid (hallucination)', 'valid', 'valid', 'valid', 'valid', 'valid']",3,1,0,0,2
28,4,1,1,"['invalid_action (agent_communication_attempt)', 'valid_action', 'invalid_action (hallucination)', 'valid_action', 'valid_action', 'valid_action']",2,1,0,0,1
29,7,2,0,"['invalid_agent_communication_attempt', 'valid', 'invalid_agent_communication_attempt', 'valid', 'valid', 'invalid_hallucination', 'valid', 'invalid_hallucination', 'valid', 'valid', 'valid']",4,2,0,0,2
30,9,0,0,"['valid', 'valid', 'valid', 'valid', 'valid', 'valid', 'valid', 'valid', 'valid', 'valid']",0,0,0,0,0
31,6,0,0,"['think', 'speak', 'go to', 'think', 'take from', 'think', 'go to', 'clean with', 'think', 'go to', 'put in/on']",0,0,0,0,0
32,28,0,22,"['valid', 'invalid', 'valid', 'invalid', 'valid', 'invalid', 'valid', 'invalid', 'valid', 'valid', 'valid', 'invalid', 'valid', 'valid', 'valid', 'invalid', 'invalid', 'invalid', 'invalid', 'invalid', 'invalid', 'invalid', 'invalid', 'invalid', 'invalid', 'invalid', 'invalid', 'invalid', 'invalid', 'invalid', 'invalid', 'invalid', 'invalid', 'invalid', 'invalid', 'invalid', 'invalid', 'invalid', 'invalid', 'invalid', 'invalid', 'invalid', 'invalid', 'invalid', 'invalid', 'invalid', 'invalid', 'invalid', 'invalid']",22,22,0,0,0
33,22,21,7,"['valid', 'valid', 'valid', 'valid', 'valid', 'valid', 'valid', 'valid', 'valid', 'valid', 'invalid', 'valid', 'invalid', 'valid', 'valid', 'valid', 'invalid', 'valid', 'valid', 'valid', 'invalid', 'invalid', 'valid', 'invalid', 'invalid', 'valid', 'valid', 'valid', 'valid', 'invalid', 'valid', 'valid', 'invalid', 'valid', 'invalid', 'valid', 'valid', 'invalid', 'valid', 'invalid', 'invalid', 'invalid', 'invalid', 'invalid', 'invalid', 'valid', 'invalid', 'invalid', 'invalid']",28,7,0,0,21
34,13,0,0,"['think', 'speak', 'go to', 'think', 'take from', 'think', 'go to', 'open', 'cool with', 'think', 'go to', 'open', 'put in/on']",0,0,0,0,0
35,20,4,11,"['valid', 'valid', 'valid', 'valid', 'valid', 'valid', 'valid', 'valid', 'invalid', 'valid', 'valid', 'invalid', 'valid', 'valid', 'valid', 'valid', 'valid', 'valid', 'valid', 'invalid', 'invalid', 'invalid', 'invalid', 'invalid', 'invalid', 'invalid', 'invalid', 'invalid', 'invalid', 'invalid', 'invalid', 'invalid', 'invalid', 'invalid', 'invalid', 'invalid', 'valid', 'invalid', 'valid', 'invalid', 'valid', 'invalid', 'valid', 'valid', 'valid', 'valid', 'invalid', 'valid', 'invalid', 'valid']",30,7,0,8,0
36,9,0,0,"['valid', 'valid', 'valid', 'valid', 'valid', 'invalid', 'invalid', 'invalid', 'invalid', 'valid', 'valid', 'valid', 'valid', 'valid', 'valid', 'invalid', 'invalid', 'invalid', 'invalid', 'invalid', 'invalid', 'invalid', 'invalid', 'invalid', 'invalid', 'invalid', 'invalid', 'invalid', 'invalid', 'invalid', 'invalid', 'invalid', 'invalid', 'invalid', 'invalid', 'invalid', 'invalid', 'invalid', 'invalid', 'invalid', 'invalid', 'invalid', 'invalid', 'invalid', 'invalid', 'invalid', 'invalid', 'invalid', 'invalid']",36,1,0,0,0
37,5,2,2,"['invalid_action', 'invalid_action', 'valid_action', 'invalid_action', 'valid_action', 'invalid_action', 'valid_action', 'valid_action', 'invalid_action', 'valid_action']",4,2,0,0,0
38,8,2,1,"['agent_communication_attempt', 'valid', 'valid', 'hallucination', 'valid', 'valid', 'hallucination', 'valid', 'valid', 'hallucination', 'valid', 'valid']",3,1,0,0,2
39,8,3,0,"['valid', 'valid', 'valid', 'invalid', 'valid', 'invalid', 'valid', 'valid', 'invalid', 'valid', 'valid']",3,1,0,0,0
40,8,2,1,"['valid', 'invalid(hallucination)', 'invalid(agent_communication_attempt)', 'valid', 'invalid(hallucination)', 'valid', 'valid', 'valid', 'invalid(hallucination)', 'valid', 'valid', 'valid']",3,1,0,0,2
41,7,3,1,"['valid', 'invalid', 'invalid', 'valid', 'invalid', 'invalid', 'valid', 'valid', 'valid', 'valid', 'valid']",4,1,0,0,0
42,15,0,34,"['valid', 'valid', 'valid', 'valid', 'valid', 'valid', 'valid', 'valid', 'valid', 'valid', 'valid', 'valid', 'valid', 'invalid', 'invalid', 'invalid', 'invalid', 'invalid', 'invalid', 'invalid', 'invalid', 'invalid', 'invalid', 'invalid', 'invalid', 'invalid', 'invalid', 'invalid', 'invalid', 'invalid', 'invalid', 'invalid', 'invalid', 'invalid', 'invalid', 'invalid', 'invalid', 'invalid', 'invalid', 'invalid', 'invalid', 'invalid', 'invalid', 'invalid', 'invalid', 'invalid', 'invalid', 'invalid', 'invalid', 'invalid']",35,0,1,0,0
43,9,2,0,"['valid', 'invalid', 'invalid', 'valid', 'valid', 'valid', 'valid', 'valid', 'valid', 'valid', 'valid']",2,1,0,0,1
44,13,3,2,"['valid', 'invalid', 'invalid', 'valid', 'invalid', 'valid', 'invalid', 'valid', 'valid', 'invalid', 'valid', 'valid', 'valid', 'valid', 'valid', 'valid', 'valid', 'valid', 'valid']",5,2,0,0,0
45,6,0,0,"['think', 'speak', 'go to', 'think', 'take from', 'think', 'speak', 'go to', 'think', 'use']",0,0,0,0,0
46,10,5,0,"['Invalid: Think', 'Valid: Speak', 'Invalid: Think', 'Valid: Speak', 'Invalid: Think', 'Valid: Go to', 'Invalid: Think', 'Valid: Take from', 'Invalid: Think', 'Valid: Go to', 'Valid: Open', 'Valid: Cool with', 'Invalid: Think', 'Valid: Go to', 'Valid: Open', 'Valid: Put in/on']",5,0,0,0,0
47,9,0,0,"['invalid', 'invalid', 'valid', 'invalid', 'valid', 'invalid', 'valid', 'valid', 'valid', 'invalid', 'valid', 'valid', 'invalid', 'valid', 'valid']",6,0,0,0,6
48,10,3,0,"['valid', 'valid', 'valid', 'valid', 'valid', 'valid', 'valid', 'valid', 'valid', 'valid', 'valid', 'valid']",3,1,0,0,0
49,5,3,2,"['hallucination', 'agent communication attempt', 'hallucination', 'valid', 'hallucination', 'valid', 'hallucination', 'agent communication attempt', 'hallucination', 'valid', 'valid']",5,2,0,0,3
50,8,4,36,"['valid', 'valid', 'valid', 'valid', 'valid', 'valid', 'valid', 'valid', 'invalid-task completion statement', 'invalid-agent communication attempt', 'invalid-agent communication attempt', 'invalid-agent communication attempt', 'invalid-agent communication attempt', 'invalid-agent communication attempt', 'invalid-agent communication attempt', 'invalid-agent communication attempt', 'invalid-agent communication attempt', 'invalid-agent communication attempt', 'invalid-agent communication attempt', 'invalid-agent communication attempt', 'invalid-agent communication attempt', 'invalid-agent communication attempt', 'invalid-agent communication attempt', 'invalid-agent communication attempt', 'invalid-agent communication attempt', 'invalid-agent communication attempt', 'invalid-agent communication attempt', 'invalid-agent communication attempt', 'invalid-agent communication attempt', 'invalid-agent communication attempt', 'invalid-task completion statement', 'valid', 'valid', 'invalid-agent communication attempt', 'invalid-agent communication attempt', 'invalid-agent communication attempt', 'invalid-agent communication attempt', 'invalid-agent communication attempt', 'invalid-agent communication attempt', 'invalid-agent communication attempt', 'invalid-agent communication attempt', 'invalid-agent communication attempt', 'invalid-agent communication attempt', 'invalid-agent communication attempt', 'invalid-agent communication attempt', 'invalid-agent communication attempt', 'invalid-agent communication attempt', 'invalid-agent communication attempt', 'invalid-agent communication attempt', 'invalid-agent communication attempt', 'invalid-task completion statement']",40,32,8,0,0
51,16,4,4,"['valid', 'valid', 'valid', 'valid', 'valid', 'valid', 'valid', 'invalid', 'valid', 'invalid', 'valid', 'valid', 'invalid', 'valid', 'valid', 'invalid', 'valid', 'valid', 'valid', 'valid', 'invalid', 'valid', 'valid', 'valid', 'valid', 'valid', 'valid', 'valid', 'valid', 'valid', 'valid', 'valid', 'invalid', 'valid', 'valid', 'valid', 'valid', 'valid', 'valid', 'valid', 'valid', 'valid', 'valid', 'valid', 'valid', 'valid', 'valid', 'valid', 'valid']",4,2,0,2,0
52,14,0,0,"['valid', 'valid', 'valid', 'valid', 'valid', 'valid', 'valid', 'valid', 'valid', 'valid', 'valid', 'valid', 'valid', 'valid', 'hallucination', 'valid', 'valid', 'valid', 'valid']",1,0,0,0,1
53,10,0,0,"['Think', 'Speak', 'GoTo', 'Think', 'Take', 'Think', 'GoTo', 'Heat', 'Think', 'GoTo', 'Open', 'Put']",0,0,0,0,0
54,8,4,0,"['invalid', 'valid', 'invalid', 'valid', 'invalid', 'valid', 'invalid', 'valid', 'valid', 'valid', 'valid', 'valid']",4,1,0,0,0
55,13,17,1,"['valid', 'hallucination', 'valid', 'valid', 'valid', 'hallucination', 'valid', 'hallucination', 'valid', 'hallucination', 'valid', 'hallucination', 'valid', 'hallucination', 'hallucination', 'hallucination', 'valid', 'hallucination', 'hallucination', 'valid', 'hallucination', 'hallucination', 'valid', 'hallucination', 'hallucination', 'hallucination', 'valid', 'hallucination', 'hallucination', 'hallucination', 'hallucination', 'valid', 'hallucination', 'hallucination', 'valid', 'hallucination', 'hallucination', 'hallucination', 'hallucination', 'hallucination', 'hallucination', 'hallucination', 'hallucination', 'hallucination', 'hallucination', 'hallucination', 'hallucination', 'hallucination', 'hallucination', 'hallucination']",37,2,0,0,35
56,8,4,1,"['invalid', 'invalid', 'valid', 'invalid', 'valid', 'invalid', 'valid', 'valid', 'valid', 'invalid', 'valid', 'valid', 'valid']",5,2,0,0,3
57,7,23,0,"['valid', 'valid', 'valid', 'valid', 'valid', 'valid', 'valid', 'invalid', 'invalid', 'invalid', 'invalid', 'invalid', 'phantom', 'invalid', 'invalid', 'invalid', 'invalid', 'invalid', 'invalid', 'invalid', 'invalid', 'invalid', 'invalid', 'invalid', 'invalid', 'invalid', 'invalid', 'invalid', 'invalid', 'invalid', 'invalid', 'invalid', 'invalid', 'valid', 'phantom', 'valid', 'phantom', 'valid', 'phantom', 'valid', 'phantom', 'valid', 'phantom', 'valid', 'phantom', 'valid', 'phantom', 'valid', 'phantom']",23,3,0,18,2
58,14,3,0,"['valid', 'valid', 'agent communication attempt', 'valid', 'valid', 'valid', 'valid', 'valid', 'valid', 'agent communication attempt', 'agent communication attempt', 'agent communication attempt', 'agent communication attempt', 'agent communication attempt', 'agent communication attempt', 'agent communication attempt', 'agent communication attempt', 'agent communication attempt', 'valid', 'invalid', 'valid', 'valid', 'valid', 'valid', 'valid']",11,8,0,0,0
59,11,0,0,"['valid', 'valid', 'valid', 'valid', 'valid', 'valid', 'valid', 'valid', 'valid', 'valid', 'valid', 'hallucination', 'valid', 'valid', 'task_completion_statement', 'hallucination']",3,0,1,0,2
60,12,10,16,"['valid', 'valid', 'valid', 'valid', 'valid', 'valid', 'valid', 'valid', 'invalid', 'valid', 'valid', 'invalid', 'valid', 'invalid', 'valid', 'invalid', 'valid', 'invalid', 'invalid', 'invalid', 'valid', 'invalid', 'invalid', 'valid', 'invalid', 'invalid', 'invalid', 'valid', 'invalid', 'invalid', 'valid', 'invalid', 'invalid', 'valid', 'invalid', 'invalid', 'invalid', 'invalid', 'invalid', 'invalid', 'invalid', 'invalid', 'invalid', 'invalid', 'invalid', 'invalid', 'invalid', 'invalid', 'invalid']",26,12,0,14,0
61,9,3,0,"['agent_communication_attempt', 'think', 'agent_communication_attempt', 'valid', 'think', 'valid', 'think', 'valid', 'valid', 'think', 'valid', 'valid', 'valid', 'valid']",3,3,0,0,0
62,7,0,1,"['valid', 'invalid_agent_communication_attempt', 'valid', 'invalid_hallucination', 'valid', 'valid', 'valid', 'valid', 'valid', 'valid']",2,1,0,0,1
63,8,0,0,"['valid', 'valid', 'agent communication', 'valid', 'valid', 'valid', 'valid', 'valid', 'valid']",1,1,0,0,0
64,21,7,0,"['valid', 'valid', 'valid', 'valid', 'valid', 'valid', 'valid', 'valid', 'valid', 'valid', 'invalid', 'valid', 'invalid', 'valid', 'valid', 'valid', 'valid', 'invalid', 'valid', 'valid', 'valid', 'valid', 'invalid', 'valid', 'valid', 'valid', 'valid', 'valid', 'valid', 'valid', 'valid', 'valid', 'valid', 'valid', 'valid', 'valid', 'valid', 'valid', 'valid', 'valid', 'valid', 'valid', 'valid', 'valid', 'valid', 'valid', 'valid', 'valid', 'valid', 'valid']",7,0,0,0,7
65,12,1,0,"['valid', 'valid', 'valid', 'valid', 'valid', 'valid', 'valid', 'valid', 'valid', 'valid', 'invalid', 'valid', 'valid', 'valid', 'valid', 'valid']",4,0,0,0,0
66,16,16,6,"['valid', 'valid', 'valid', 'valid', 'valid', 'valid', 'valid', 'valid', 'valid', 'invalid', 'valid', 'valid', 'invalid', 'valid', 'invalid', 'valid', 'valid', 'invalid', 'valid', 'valid', 'invalid', 'valid', 'valid', 'valid', 'valid', 'valid', 'valid', 'valid', 'valid', 'valid', 'valid', 'invalid', 'valid', 'valid', 'invalid', 'valid', 'valid', 'invalid', 'valid', 'valid', 'valid', 'valid', 'valid', 'valid', 'valid', 'valid', 'valid', 'valid', 'invalid', 'valid']",17,8,0,7,2
67,14,3,1,"['valid', 'valid', 'valid', 'valid', 'valid', 'valid', 'valid', 'valid', 'valid', 'valid', 'invalid (hallucination)', 'valid', 'invalid (hallucination)', 'valid', 'invalid (hallucination)', 'valid', 'valid', 'valid', 'valid', 'valid']",3,1,0,0,3
68,10,2,0,"['valid', 'valid', 'valid', 'valid', 'valid', 'valid', 'valid', 'valid', 'invalid', 'valid', 'invalid', 'valid', 'valid', 'valid', 'valid', 'valid']",2,0,0,2,0
69,9,1,6,"['valid', 'valid', 'invalid', 'invalid', 'invalid', 'invalid', 'invalid', 'valid', 'valid', 'valid', 'valid', 'valid', 'valid', 'valid', 'valid', 'valid']",7,6,0,0,0
70,8,5,0,"['invalid', 'invalid', 'invalid', 'valid', 'invalid', 'valid', 'invalid', 'valid', 'valid', 'invalid', 'valid', 'valid', 'valid', 'valid']",5,1,0,0,0
71,7,2,2,"['agent_communication_attempt', 'valid', 'agent_communication_attempt', 'valid', 'hallucination', 'valid', 'hallucination', 'valid', 'agent_communication_attempt', 'valid', 'hallucination', 'valid']",4,2,0,0,2
72,11,2,0,"['invalid agent_communication_attempt', 'think after invalid', 'invalid agent_communication_attempt', 'valid', 'think', 'valid', 'think', 'valid', 'valid', 'valid', 'think', 'invalid agent_communication_attempt', 'think after invalid', 'invalid agent_communication_attempt', 'valid', 'think', 'valid', 'valid']",6,2,0,0,0
73,5,2,1,"['invalid_action(hallucination)', 'invalid_action(agent_communication_attempt)', 'valid_action', 'invalid_action(hallucination)', 'valid_action', 'invalid_action(hallucination)', 'valid_action', 'valid_action', 'valid_action']",3,1,0,0,2
74,10,0,0,"['valid', 'valid', 'valid', 'valid', 'valid', 'valid', 'valid', 'valid', 'valid', 'valid', 'valid', 'valid', 'valid']",0,0,0,0,0
75,9,4,0,"['valid_actions', 'invalid_actions', 'invalid_actions', 'valid_actions', 'valid_actions', 'invalid_actions', 'valid_actions', 'valid_actions', 'valid_actions', 'invalid_actions', 'valid_actions', 'valid_actions', 'valid_actions']",4,2,0,0,0
76,8,2,2,"['valid', 'invalid (agent communication attempt)', 'invalid (agent communication attempt)', 'valid', 'invalid (think)', 'valid', 'invalid (think)', 'valid', 'invalid (think)', 'valid', 'valid', 'valid']",4,2,0,0,0
77,8,11,5,"['valid', 'valid', 'valid', 'valid', 'valid', 'valid', 'valid', 'valid', 'invalid:error_message', 'invalid:agent_communication_attempt', 'invalid:error_message', 'invalid:agent_communication_attempt', 'invalid:error_message', 'invalid:agent_communication_attempt', 'invalid:error_message', 'invalid:agent_communication_attempt', 'invalid:error_message', 'invalid:agent_communication_attempt', 'invalid:error_message', 'invalid:agent_communication_attempt', 'invalid:error_message', 'invalid:agent_communication_attempt', 'invalid:error_message', 'invalid:agent_communication_attempt', 'invalid:error_message', 'invalid:agent_communication_attempt', 'invalid:error_message', 'invalid:agent_communication_attempt', 'invalid:error_message', 'invalid:agent_communication_attempt', 'invalid:error_message', 'invalid:agent_communication_attempt', 'invalid:error_message', 'invalid:agent_communication_attempt', 'invalid:error_message', 'invalid:agent_communication_attempt', 'invalid:error_message', 'invalid:agent_communication_attempt', 'invalid:error_message', 'invalid:agent_communication_attempt', 'invalid:error_message', 'invalid:agent_communication_attempt', 'invalid:error_message', 'invalid:agent_communication_attempt', 'invalid:error_message', 'invalid:agent_communication_attempt', 'invalid:error_message', 'valid', 'invalid:agent_communication_attempt']",16,11,0,12,0
78,20,3,0,"['valid', 'valid', 'valid', 'valid', 'valid', 'valid', 'valid', 'valid', 'valid', 'valid', 'valid', 'valid', 'valid', 'valid', 'valid', 'valid', 'invalid', 'invalid', 'valid', 'valid', 'invalid', 'valid', 'valid', 'valid', 'valid', 'valid', 'valid']",3,0,0,3,0
79,14,4,3,"['agent_communication_attempt', 'valid', 'agent_communication_attempt', 'valid', 'agent_communication_attempt', 'valid', 'agent_communication_attempt', 'valid', 'agent_communication_attempt', 'valid', 'valid', 'valid', 'valid', 'agent_communication_attempt', 'valid', 'valid', 'agent_communication_attempt', 'valid', 'agent_communication_attempt', 'valid', 'valid', 'valid', 'valid']",7,7,0,0,0
80,10,2,1,"['valid', 'invalid_think', 'invalid_speak', 'valid', 'valid_think', 'valid', 'valid_think', 'valid', 'valid', 'valid', 'valid_think', 'valid', 'valid']",2,1,0,0,0
81,8,3,2,"['invalid', 'invalid', 'valid', 'invalid', 'valid', 'invalid', 'valid', 'valid', 'valid', 'invalid', 'invalid', 'valid', 'valid']",5,2,0,0,3
82,7,3,2,"['agent_communication_attempt', 'valid', 'agent_communication_attempt', 'valid', 'valid', 'valid', 'valid', 'valid', 'valid', 'agent_communication_attempt', 'valid', 'valid']",5,2,0,0,0
83,8,3,0,"['valid', 'valid', 'agent_communication_attempt', 'valid', 'valid', 'valid', 'valid', 'valid', 'valid', 'valid', 'valid']",3,1,0,0,0
84,11,8,3,"['valid', 'valid', 'valid', 'valid', 'valid', 'invalid', 'valid', 'invalid', 'valid', 'invalid', 'valid', 'valid', 'valid', 'valid', 'valid', 'valid', 'invalid', 'valid', 'invalid', 'valid', 'valid', 'valid', 'valid', 'valid', 'valid', 'valid', 'valid', 'invalid', 'valid', 'valid', 'invalid', 'valid', 'valid', 'invalid', 'valid', 'valid', 'valid', 'valid', 'valid', 'valid', 'valid', 'invalid', 'valid', 'valid', 'invalid', 'valid', 'invalid', 'valid', 'invalid']",14,4,0,7,3
85,18,4,3,"['valid', 'valid', 'valid', 'valid', 'valid', 'valid', 'valid', 'valid', 'invalid (hallucination)', 'valid', 'valid', 'invalid (hallucination)', 'valid', 'valid', 'valid', 'valid', 'valid', 'invalid (hallucination)', 'valid', 'valid', 'valid', 'invalid (agent communication attempt)', 'valid', 'invalid (hallucination)', 'valid', 'invalid (hallucination)', 'valid', 'invalid (agent communication attempt)', 'valid', 'invalid (hallucination)', 'invalid (agent communication attempt)', 'valid', 'invalid (hallucination)', 'valid', 'valid', 'valid', 'valid', 'invalid (hallucination)', 'valid', 'valid', 'valid', 'valid', 'valid', 'valid', 'valid', 'valid', 'invalid (hallucination)', 'valid', 'invalid (hallucination)', 'invalid (hallucination)', 'invalid (hallucination)', 'invalid (hallucination)', 'invalid (hallucination)', 'invalid (hallucination)']",7,3,0,0,4
86,7,0,0,"['valid', 'valid', 'valid', 'valid', 'valid', 'valid', 'valid']",0,0,0,0,0
87,12,5,0,"['valid', 'hallucination', 'valid', 'hallucination', 'valid', 'hallucination', 'valid', 'valid', 'valid', 'hallucination', 'valid', 'hallucination', 'valid', 'valid', 'hallucination', 'valid', 'valid']",5,0,0,0,5
88,7,0,0,"['think', 'speak', 'go to', 'think', 'take', 'think', 'go to', 'clean', 'think', 'go to', 'put']",0,0,0,0,0
89,9,13,4,"['valid', 'valid', 'valid', 'valid', 'valid', 'invalid', 'valid', 'valid', 'valid', 'valid', 'valid', 'invalid', 'valid', 'invalid', 'invalid', 'valid', 'invalid', 'valid', 'valid', 'valid', 'valid', 'valid', 'valid', 'valid', 'valid', 'valid', 'valid', 'valid', 'valid', 'valid', 'valid', 'valid', 'valid', 'valid', 'invalid', 'valid', 'invalid', 'valid', 'valid', 'valid', 'valid', 'invalid', 'valid', 'valid', 'valid', 'valid', 'valid', 'invalid', 'valid', 'valid']",17,4,0,17,0
90,12,0,0,"['valid', 'hallucination', 'valid', 'valid', 'valid', 'valid', 'valid', 'valid', 'valid', 'valid', 'valid', 'valid', 'valid']",1,0,0,0,1
91,9,0,0,"['valid', 'valid', 'valid', 'valid', 'valid', 'valid', 'valid', 'valid', 'valid']",0,0,0,0,0
92,22,8,7,"['valid', 'valid', 'valid', 'valid', 'valid', 'valid', 'valid', 'valid', 'invalid', 'valid', 'invalid', 'valid', 'valid', 'valid', 'valid', 'invalid', 'valid', 'valid', 'invalid', 'valid', 'valid', 'valid', 'valid', 'valid', 'valid', 'valid', 'invalid', 'valid', 'valid', 'valid', 'valid', 'valid', 'valid', 'valid', 'valid', 'valid', 'invalid', 'valid', 'valid', 'valid', 'valid', 'valid', 'valid', 'valid', 'valid', 'valid', 'valid', 'valid', 'valid']",8,3,0,5,0
93,8,0,0,"['valid', 'hallucination', 'valid', 'valid', 'hallucination', 'valid', 'hallucination', 'valid', 'valid', 'hallucination', 'valid']",3,0,0,0,3
94,8,2,1,"['Agent Communication Attempt', 'Valid Action', 'Agent Communication Attempt', 'Valid Action', 'Think after Invalid', 'Valid Action', 'Think after Invalid', 'Valid Action', 'Valid Action', 'Valid Action', 'Think after Invalid', 'Valid Action', 'Valid Action']",4,1,0,0,0
95,6,0,2,"['valid', 'agent_communication_attempt', 'valid', 'agent_communication_attempt', 'valid', 'valid', 'agent_communication_attempt', 'valid', 'hallucination', 'valid']",3,2,0,0,1
96,7,0,0,"['valid', 'valid', 'valid', 'valid', 'valid', 'valid', 'valid']",0,0,0,0,0
97,8,0,0,"['think', 'speak', 'go to', 'think', 'take from', 'think', 'go to', 'clean with', 'think', 'go to', 'put in/on']",0,0,0,0,0
98,5,2,0,"['invalid_action.hallucination', 'invalid_action.agent_communication_attempt', 'valid_action', 'invalid_action.hallucination', 'valid_action', 'valid_action', 'invalid_action.hallucination', 'valid_action', 'valid_action']",3,1,0,0,2
99,19,26,0,"['valid', 'valid', 'valid', 'valid', 'valid', 'valid', 'valid', 'valid', 'valid', 'hallucination', 'valid', 'valid', 'invalid', 'valid', 'invalid', 'valid', 'valid', 'valid', 'valid', 'valid', 'valid', 'valid', 'valid', 'valid', 'valid', 'valid', 'valid', 'valid', 'valid', 'valid', 'valid', 'valid', 'valid', 'valid', 'valid', 'valid', 'valid', 'valid', 'valid', 'valid', 'valid', 'valid', 'valid', 'valid', 'valid', 'valid', 'valid', 'valid', 'valid', 'valid', 'valid']",26,2,0,24,0
100,7,0,0,"['think', 'speak', 'go to', 'think', 'take', 'think', 'go to', 'heat', 'think', 'go to', 'put']",0,0,0,0,0
101,6,2,1,"['invalid_action (agent communication attempt)', 'valid_action', 'invalid_action (agent communication attempt)', 'valid_action', 'invalid_action (hallucination)', 'valid_action', 'invalid_action (hallucination)', 'valid_action', 'invalid_action (agent communication attempt)', 'valid_action']",3,2,0,0,1
102,19,8,0,"['valid', 'valid', 'valid', 'valid', 'valid', 'valid', 'valid', 'valid', 'valid', 'hallucination', 'valid', 'valid', 'invalid', 'valid', 'invalid', 'valid', 'invalid', 'valid', 'valid', 'valid', 'valid', 'valid', 'valid', 'hallucination', 'valid', 'valid', 'valid', 'valid', 'valid', 'valid', 'valid', 'valid', 'hallucination', 'valid', 'valid', 'valid', 'valid', 'invalid', 'valid', 'valid', 'invalid', 'valid', 'valid', 'invalid', 'valid', 'valid', 'invalid', 'valid', 'valid']",11,0,0,3,8
103,5,0,1,"['valid', 'invalid', 'invalid', 'valid', 'valid', 'invalid', 'valid', 'valid', 'valid']",3,1,0,0,0
104,8,6,0,"['valid', 'invalid', 'invalid', 'valid', 'invalid', 'valid', 'invalid', 'valid', 'invalid', 'valid', 'invalid', 'valid', 'invalid', 'valid']",6,1,0,0,0
105,18,8,2,"['valid', 'valid', 'valid', 'valid', 'valid', 'valid', 'valid', 'valid', 'valid', 'valid', 'valid', 'valid', 'invalid', 'valid', 'valid', 'invalid', 'valid', 'valid', 'valid', 'valid', 'valid', 'valid', 'valid', 'valid', 'valid', 'valid', 'invalid', 'valid', 'valid', 'valid', 'invalid', 'valid', 'invalid', 'valid', 'valid', 'valid', 'valid', 'valid', 'invalid', 'valid', 'valid', 'valid', 'invalid', 'valid', 'valid', 'valid', 'invalid', 'valid', 'valid', 'valid']",10,6,0,4,0
106,17,7,0,"['valid', 'valid', 'valid', 'valid', 'valid', 'valid', 'valid', 'valid', 'valid', 'valid', 'invalid', 'valid', 'valid', 'valid', 'valid', 'valid', 'valid', 'valid', 'valid', 'valid', 'valid', 'valid', 'valid', 'valid', 'invalid', 'valid', 'valid']",8,1,0,1,0
107,7,0,0,"['think', 'speak', 'speak', 'go to receptacle', 'think', 'take object from receptacle', 'think', 'go to receptacle', 'open receptacle', 'cool object with receptacle']",0,0,0,0,0
108,7,0,2,"['agent_communication_attempt', 'valid', 'agent_communication_attempt', 'valid', 'hallucination', 'valid', 'hallucination', 'valid', 'valid', 'hallucination', 'valid', 'valid']",5,3,0,0,2
109,18,4,0,"['valid', 'valid', 'valid', 'valid', 'valid', 'valid', 'valid', 'valid', 'valid', 'valid', 'valid', 'valid', 'valid', 'valid', 'invalid', 'valid', 'invalid', 'valid', 'valid', 'valid', 'valid', 'valid']",4,0,0,4,0
110,6,3,2,"['invalid_action', 'invalid_action', 'invalid_action', 'valid_action', 'invalid_action', 'valid_action', 'invalid_action', 'valid_action', 'valid_action', 'invalid_action', 'valid_action']",5,2,0,0,3
111,9,0,0,"['valid', 'valid', 'valid', 'valid', 'valid', 'valid', 'valid', 'valid', 'valid', 'valid', 'valid', 'valid', 'valid']",0,0,0,0,0
112,32,6,12,"['valid', 'valid', 'valid', 'valid', 'valid', 'valid', 'valid', 'valid', 'valid', 'valid', 'valid', 'valid', 'valid', 'valid', 'valid', 'valid', 'valid', 'valid', 'valid', 'hallucination', 'valid', 'valid', 'valid', 'valid', 'valid', 'valid', 'valid', 'valid', 'valid', 'valid', 'valid', 'valid', 'hallucination', 'valid', 'valid', 'hallucination', 'valid', 'valid', 'hallucination', 'valid', 'valid', 'hallucination', 'valid', 'valid', 'hallucination', 'valid', 'valid', 'hallucination', 'valid', 'valid', 'task_completion_statement', 'hallucination', 'valid', 'valid', 'hallucination', 'valid', 'valid', 'hallucination', 'valid', 'valid', 'hallucination', 'valid', 'valid', 'valid', 'valid']",18,0,1,0,17
113,7,3,1,"['valid', 'invalid', 'invalid', 'valid', 'valid', 'invalid', 'valid', 'valid', 'invalid', 'valid', 'valid']",4,1,0,0,0
114,8,4,0,"['invalid: agent communication attempt', 'valid', 'invalid: agent communication attempt', 'valid', 'invalid: agent communication attempt', 'valid', 'invalid: agent communication attempt', 'valid', 'valid', 'valid', 'valid', 'valid']",4,1,0,0,0
115,8,2,0,"['valid', 'invalid', 'invalid', 'valid', 'valid', 'invalid', 'invalid', 'valid', 'valid', 'valid']",2,2,0,0,0
116,8,4,2,"['think', 'hallucination', 'agent_communication_attempt', 'hallucination', 'valid', 'hallucination', 'valid', 'hallucination', 'think', 'hallucination', 'agent_communication_attempt', 'hallucination', 'valid', 'hallucination', 'think', 'task_completion_statement', 'agent_communication_attempt', 'hallucination', 'valid', 'hallucination', 'think', 'valid', 'hallucination', 'think', 'agent_communication_attempt', 'hallucination', 'valid', 'hallucination', 'think', 'valid', 'hallucination', 'think', 'task_completion_statement']",10,4,2,0,4
117,14,2,0,"['think', 'speak', 'go_to_action', 'open_action', 'think', 'take_from_action', 'think', 'go_to_action', 'clean_with_action', 'think', 'put_in/on_action', 'think', 'put_in/on_action', 'think', 'think', 'think', 'think', 'think', 'think', 'think', 'think', 'think', 'go_to_action', 'open_action', 'put_in/on_action']",2,0,0,2,0
118,13,5,3,"['valid', 'valid', 'valid', 'valid', 'valid', 'valid', 'valid', 'valid', 'valid', 'valid', 'valid', 'invalid/hallucination', 'valid', 'invalid/hallucination', 'valid', 'invalid/agent_communication_attempt', 'valid', 'invalid/hallucination', 'valid', 'invalid/agent_communication_attempt', 'valid', 'valid', 'valid', 'valid', 'valid', 'valid', 'valid', 'valid', 'valid', 'invalid/task_completion_statement', 'invalid/agent_communication_attempt', 'invalid/agent_communication_attempt', 'invalid/agent_communication_attempt', 'invalid/agent_communication_attempt', 'invalid/agent_communication_attempt', 'invalid/agent_communication_attempt', 'invalid/agent_communication_attempt', 'invalid/agent_communication_attempt', 'invalid/agent_communication_attempt', 'invalid/agent_communication_attempt', 'invalid/agent_communication_attempt', 'invalid/agent_communication_attempt', 'invalid/agent_communication_attempt', 'invalid/agent_communication_attempt', 'invalid/agent_communication_attempt', 'invalid/agent_communication_attempt', 'invalid/agent_communication_attempt', 'invalid/agent_communication_attempt', 'invalid/agent_communication_attempt', 'invalid/agent_communication_attempt', 'invalid/agent_communication_attempt', 'invalid/agent_communication_attempt', 'invalid/agent_communication_attempt', 'invalid/agent_communication_attempt', 'invalid/agent_communication_attempt', 'invalid/agent_communication_attempt', 'invalid/agent_communication_attempt', 'invalid/agent_communication_attempt', 'invalid/agent_communication_attempt', 'invalid/agent_communication_attempt', 'invalid/agent_communication_attempt']",8,4,1,0,3
119,8,0,1,"['valid', 'valid', 'valid', 'invalid', 'valid', 'invalid', 'valid', 'valid', 'invalid', 'valid', 'valid', 'valid']",3,1,0,0,2
120,5,3,0,"['invalid', 'invalid', 'valid', 'invalid', 'valid', 'invalid', 'valid', 'valid', 'valid']",3,0,0,0,0
121,6,1,0,"['Think', 'Think', 'Speak', 'Think', 'Go', 'Take', 'Think', 'Go', 'Invalid-Hallucination', 'Think', 'Go', 'Valid', 'Think', 'Go', 'Valid', 'Valid', 'Speak', 'Speak', 'Speak', 'Speak', 'Speak', 'Speak', 'Speak', 'Speak', 'Speak', 'Speak', 'Speak', 'Speak', 'Speak', 'Speak', 'Speak', 'Speak', 'Speak', 'Speak', 'Speak', 'Speak', 'Speak', 'Speak', 'Speak', 'Speak', 'Speak', 'Speak', 'Speak', 'Speak', 'Speak', 'Speak', 'Speak', 'Speak', 'Speak', 'Speak', 'Speak']",1,0,0,0,1
122,7,2,1,"['valid', 'invalid_hallucination', 'invalid_agent_communication_attempt', 'valid', 'valid', 'invalid_hallucination', 'valid', 'valid', 'valid', 'valid', 'valid']",3,1,0,0,2
123,7,2,1,"['valid', 'valid', 'valid', 'invalid', 'valid', 'invalid', 'valid', 'valid', 'valid', 'valid']",3,1,0,0,0
124,8,2,2,"['valid', 'invalid', 'invalid', 'valid', 'invalid', 'valid', 'invalid', 'valid', 'valid', 'valid', 'valid', 'valid']",4,2,0,0,0
125,8,3,1,"['think', 'speak', 'go to', 'think', 'take', 'think', 'go to', 'heat', 'think', 'go to', 'put']",4,1,0,0,0
126,12,4,1,"['valid', 'valid', 'valid', 'valid', 'valid', 'valid', 'valid', 'valid', 'valid', 'invalid', 'valid', 'valid', 'invalid', 'valid', 'invalid', 'valid', 'valid', 'valid', 'valid', 'valid', 'valid', 'valid', 'valid', 'valid', 'valid', 'valid', 'valid', 'valid', 'valid', 'valid', 'valid', 'valid', 'valid', 'valid', 'valid', 'valid', 'invalid', 'valid', 'valid', 'valid', 'valid', 'valid', 'valid', 'valid', 'valid', 'valid', 'valid', 'valid', 'valid']",4,2,0,2,0
127,23,7,7,"['valid', 'valid', 'valid', 'valid', 'valid', 'valid', 'valid', 'valid', 'valid', 'valid', 'valid', 'valid', 'valid', 'valid', 'valid', 'valid', 'valid', 'valid', 'valid', 'valid', 'valid', 'valid', 'valid', 'invalid', 'invalid', 'invalid', 'invalid', 'invalid', 'invalid', 'invalid', 'invalid', 'invalid', 'invalid', 'invalid', 'invalid', 'invalid', 'invalid', 'invalid', 'invalid', 'invalid', 'invalid', 'invalid', 'invalid', 'invalid', 'invalid', 'invalid', 'invalid', 'invalid', 'invalid', 'invalid']",27,8,0,0,19
128,7,3,1,"['valid', 'invalid_think', 'invalid_speak', 'valid', 'invalid_think', 'valid', 'invalid_think', 'valid', 'valid', 'invalid_think', 'valid']",4,1,0,0,0
129,6,2,0,"['agent_communication_attempt', 'valid', 'agent_communication_attempt', 'valid', 'valid', 'valid', 'valid', 'valid', 'valid']",2,1,0,0,0
130,10,3,0,"['valid', 'invalid_think', 'valid', 'invalid_speak', 'valid', 'valid', 'invalid_think', 'valid', 'valid', 'invalid_think', 'valid', 'valid', 'valid']",3,1,0,0,0
131,9,4,0,"['valid', 'invalid', 'invalid', 'valid', 'valid', 'valid', 'invalid', 'valid', 'valid', 'invalid', 'valid', 'valid', 'valid']",4,1,0,0,0
132,4,2,1,"['Agent Communication Attempt', 'Hallucination', 'Valid', 'Valid', 'Valid', 'Valid']",2,1,0,0,1
133,24,12,0,"['valid', 'valid', 'valid', 'valid', 'valid', 'valid', 'valid', 'invalid', 'valid', 'invalid', 'valid', 'invalid', 'valid', 'invalid', 'valid', 'invalid', 'valid', 'invalid', 'valid', 'invalid', 'valid', 'valid', 'invalid', 'invalid', 'valid', 'invalid', 'valid', 'invalid', 'valid', 'invalid', 'invalid', 'valid', 'invalid', 'invalid', 'valid', 'invalid', 'valid', 'invalid', 'invalid', 'valid', 'invalid', 'valid', 'invalid', 'invalid', 'valid', 'invalid', 'valid', 'invalid', 'invalid']",12,0,0,0,12
134,8,0,0,"['think', 'speak', 'go to', 'think', 'take', 'think', 'go to', 'clean', 'think', 'go to', 'put']",0,0,0,0,0
135,10,4,1,"['valid', 'invalid', 'invalid', 'invalid', 'valid', 'invalid', 'valid', 'valid', 'valid', 'invalid', 'valid', 'valid', 'valid', 'valid', 'valid']",5,1,0,0,0
136,9,3,1,"['valid', 'valid', 'valid', 'agent communication attempt', 'valid', 'valid', 'valid', 'valid', 'valid', 'valid', 'valid', 'valid', 'valid']",4,1,0,0,0
137,20,2,6,"['valid', 'valid', 'valid', 'valid', 'valid', 'valid', 'valid', 'valid', 'valid', 'valid', 'valid', 'valid', 'valid', 'invalid_error_message', 'valid', 'valid', 'invalid_error_message', 'valid', 'valid', 'valid', 'valid_agent_communication_attempt', 'valid', 'invalid_agent_communication_attempt', 'valid_agent_communication_attempt', 'valid', 'invalid_agent_communication_attempt', 'valid', 'valid_agent_communication_attempt', 'valid', 'valid', 'valid', 'invalid_error_message', 'valid', 'valid', 'valid', 'valid', 'valid', 'valid', 'valid', 'valid', 'valid', 'valid', 'valid', 'valid_agent_communication_attempt', 'valid', 'invalid_agent_communication_attempt', 'valid_agent_communication_attempt', 'valid', 'valid', 'valid']",8,6,0,2,0
138,13,9,1,"['valid', 'valid', 'valid', 'valid', 'valid', 'valid', 'valid', 'valid', 'invalid', 'valid', 'valid', 'valid', 'valid', 'invalid', 'valid', 'valid', 'valid', 'valid', 'invalid', 'valid', 'valid', 'valid', 'valid', 'valid', 'valid', 'valid', 'valid', 'valid', 'valid', 'valid', 'valid', 'valid', 'valid', 'valid', 'valid', 'valid', 'valid', 'valid', 'valid', 'valid', 'valid', 'valid', 'valid', 'valid', 'valid', 'valid', 'valid', 'valid', 'valid', 'valid']",15,2,0,3,0
139,11,0,0,"['valid', 'valid', 'valid', 'valid', 'valid', 'valid', 'valid', 'valid', 'valid', 'valid', 'valid']",0,0,0,0,0
140,9,4,0,"['valid', 'invalid', 'invalid', 'valid', 'valid', 'invalid', 'valid', 'valid', 'valid', 'invalid', 'invalid', 'valid', 'valid']",4,2,0,0,0
141,6,2,2,"['valid', 'valid', 'invalid', 'valid', 'valid', 'invalid', 'valid', 'invalid', 'valid', 'invalid', 'valid']",4,2,0,0,0
142,8,4,0,"['invalid', 'invalid', 'valid', 'invalid', 'valid', 'invalid', 'valid', 'valid', 'invalid', 'valid', 'valid']",4,1,0,0,0
143,5,0,0,"['valid', 'valid', 'valid', 'valid', 'valid']",0,0,0,0,0
144,6,36,0,"['valid', 'valid', 'valid', 'valid', 'valid', 'valid', 'invalid', 'think', 'invalid', 'think', 'invalid', 'think', 'invalid', 'think', 'think', 'think', 'think', 'think', 'think', 'think', 'think', 'think', 'think', 'think', 'think', 'think', 'think', 'think', 'think', 'think', 'think', 'think', 'think', 'think', 'think', 'think', 'think', 'think', 'think', 'think', 'think', 'think', 'think', 'think', 'think', 'think', 'think', 'think', 'think', 'think']",4,0,0,0,4
145,9,3,0,"['agent_communication_attempt', 'think_after_invalids', 'agent_communication_attempt', 'valid_action', 'think_after_invalids', 'valid_action', 'think_after_invalids', 'valid_action', 'valid_action', 'valid_action', 'valid_action', 'valid_action', 'valid_action', 'valid_action', 'valid_action']",3,2,0,0,0
146,17,13,0,"['valid', 'valid', 'valid', 'valid', 'valid', 'valid', 'valid', 'valid', 'valid', 'valid', 'invalid_hallucination', 'valid', 'invalid_agent_communication_attempt', 'valid', 'invalid_hallucination', 'invalid_agent_communication_attempt', 'invalid_hallucination', 'invalid_error_message', 'valid', 'valid', 'valid', 'valid', 'invalid_hallucination', 'valid', 'valid', 'valid', 'valid', 'invalid_hallucination', 'valid', 'valid', 'valid', 'valid', 'valid', 'valid', 'valid', 'valid', 'valid', 'valid', 'valid', 'valid', 'valid', 'valid', 'valid', 'valid', 'valid', 'valid', 'valid', 'valid', 'valid', 'valid']",14,4,0,1,9
147,6,3,0,"['invalid (hallucination)', 'invalid (agent communication attempt)', 'valid', 'invalid (hallucination)', 'invalid (agent communication attempt)', 'valid', 'invalid (hallucination)', 'valid', 'invalid (hallucination)', 'valid', 'valid', 'invalid (hallucination)']",5,2,0,0,3
148,14,3,1,"['valid', 'valid', 'valid', 'valid', 'valid', 'valid', 'valid', 'valid', 'valid', 'invalid', 'invalid', 'valid', 'valid', 'valid', 'invalid', 'valid', 'valid', 'invalid', 'valid', 'valid', 'valid', 'valid', 'valid', 'valid', 'valid', 'valid', 'valid', 'valid', 'valid', 'valid', 'valid', 'valid', 'valid', 'valid', 'valid', 'valid', 'valid', 'valid', 'valid', 'valid', 'valid', 'valid', 'valid', 'valid', 'valid', 'valid', 'valid', 'valid', 'valid']",4,3,1,0,0
149,19,18,3,"['valid', 'valid', 'valid', 'valid', 'valid', 'valid', 'valid', 'valid', 'invalid', 'invalid', 'valid', 'valid', 'valid', 'valid', 'invalid', 'valid', 'valid', 'invalid', 'valid', 'valid', 'valid', 'valid', 'valid', 'valid', 'valid', 'valid', 'valid', 'invalid', 'valid', 'valid', 'valid', 'valid', 'valid', 'valid', 'valid', 'valid', 'valid', 'valid', 'valid', 'valid', 'valid', 'valid', 'valid', 'valid', 'valid', 'valid', 'valid', 'valid', 'valid', 'valid']",6,0,0,4,0
150,11,1,0,"['valid', 'valid', 'valid', 'valid', 'valid', 'valid', 'valid', 'valid', 'valid', 'invalid', 'valid', 'valid', 'valid', 'valid']",3,0,0,1,0
151,14,2,2,"['valid', 'valid', 'valid', 'valid', 'valid', 'valid', 'valid', 'valid', 'valid', 'invalid_agent_communication_attempt', 'valid', 'invalid_agent_communication_attempt', 'invalid_error_message', 'invalid_agent_communication_attempt', 'invalid_agent_communication_attempt', 'valid', 'valid', 'valid', 'valid']",5,4,0,1,0
152,6,3,2,"['agent_communication_attempt', 'hallucination', 'agent_communication_attempt', 'valid', 'hallucination', 'valid', 'agent_communication_attempt', 'hallucination', 'valid', 'hallucination', 'valid']",5,2,0,0,3
153,5,2,0,"['valid', 'invalid', 'invalid', 'valid', 'valid', 'invalid', 'valid', 'valid']",3,1,0,0,2
